code,system
16,gprdproduct
31938,gprdproduct
34,gprdproduct
18329,gprdproduct
19189,gprdproduct
34611,gprdproduct
40381,gprdproduct
22618,gprdproduct
25718,gprdproduct
2607,gprdproduct
23593,gprdproduct
25335,gprdproduct
23878,gprdproduct
2628,gprdproduct
6006,gprdproduct
3,gprdproduct
31211,gprdproduct
31953,gprdproduct
31954,gprdproduct
33320,gprdproduct
33676,gprdproduct
34434,gprdproduct
34942,gprdproduct
31956,gprdproduct
32992,gprdproduct
33293,gprdproduct
34485,gprdproduct
34796,gprdproduct
41512,gprdproduct
43709,gprdproduct
32036,gprdproduct
34797,gprdproduct
33656,gprdproduct
47992,gprdproduct
48021,gprdproduct
34385,gprdproduct
45643,gprdproduct
40913,gprdproduct
836,gprdproduct
42750,gprdproduct
46891,gprdproduct
489,gprdproduct
47937,gprdproduct
9144,gprdproduct
6696,gprdproduct